text,date
"The Sony laptop's software Not bad, not great ğŸ’«",2024-05-12 00:18:31.968292
"The Microsoft laptop's camera Not bad, not great â“",2024-05-12 00:18:31.968292
The HP console's price Terrible product ğŸ˜«,2024-05-13 00:18:31.968292
The Lenovo tablet's quality Regular performance ğŸ˜,2024-05-13 00:18:31.968292
The Amazon TV's battery life Love this product! ğŸ’¯,2024-05-13 00:18:31.968292
The Dell phone's performance Expected more â“,2024-05-13 00:18:31.968292
The Lenovo speaker's design Poor quality ğŸ˜¤,2024-05-13 00:18:31.968292
The Google phone's battery life Would not recommend ğŸ˜‘,2024-05-14 00:18:31.968292
The Apple camera's quality Frustrating experience ğŸ˜’,2024-05-14 00:18:31.968292
The LG console's design Highly recommend ğŸ˜,2024-05-14 00:18:31.968292
The Lenovo phone's design Best purchase ever ğŸ¥°,2024-05-14 00:18:31.968292
The Google smartwatch's price Amazing customer service ğŸ‘,2024-05-15 00:18:31.968292
The LG TV's quality Great value for money ğŸ¥°,2024-05-15 00:18:31.968292
The Lenovo camera's quality Poor customer service ğŸ˜‘,2024-05-16 00:18:31.968292
The Lenovo headphones's quality Regular performance ğŸ¤”,2024-05-16 00:18:31.968292
The HP headphones's price Poor customer service ğŸ˜’,2024-05-16 00:18:31.968292
The Google speaker's screen Poor quality ğŸ‘,2024-05-17 00:18:31.968292
The Amazon speaker's battery life Impressive performance ğŸ˜Š,2024-05-17 00:18:31.968292
The Sony smartwatch's design Doesn't work properly ğŸ‘,2024-05-17 00:18:31.968292
The Apple smartwatch's screen Highly recommend â­,2024-05-17 00:18:31.968292
The Google camera's design Mixed feelings ğŸ’­,2024-05-17 00:18:31.968292
The Amazon phone's performance Very satisfied ğŸ‰,2024-05-17 00:18:31.968292
The Google smartwatch's battery life Amazing customer service ğŸ˜Š,2024-05-18 00:18:31.968292
The Microsoft headphones's screen Very disappointed ğŸ‘,2024-05-18 00:18:31.968292
The Sony speaker's quality Best purchase ever ğŸ˜Š,2024-05-19 00:18:31.968292
The Lenovo laptop's battery life Impressive performance ğŸ˜,2024-05-20 00:18:31.968292
The Google smartwatch's battery life Waste of money ğŸ‘,2024-05-20 00:18:31.968292
The Samsung speaker's camera Highly recommend ğŸ‰,2024-05-20 00:18:31.968292
The Samsung tablet's performance Amazing customer service ğŸ¥°,2024-05-21 00:18:31.968292
The LG TV's screen Great value for money ğŸ™Œ,2024-05-21 00:18:31.968292
The Sony phone's battery life Very satisfied ğŸ¥°,2024-05-21 00:18:31.968292
The HP camera's screen Highly recommend ğŸ™Œ,2024-05-21 00:18:31.968292
The Samsung headphones's camera Love this product! ğŸ’¯,2024-05-21 00:18:31.968292
The Dell laptop's design Frustrating experience ğŸ˜‘,2024-05-21 00:18:31.968292
The Microsoft smartwatch's design Average product ğŸ’­,2024-05-22 00:18:31.968292
The Apple camera's software Works perfectly ğŸ™Œ,2024-05-23 00:18:31.968292
The Lenovo camera's price Frustrating experience ğŸ˜«,2024-05-23 00:18:31.968292
The Sony smartwatch's performance Would not recommend ğŸ˜¤,2024-05-23 00:18:31.968292
The Apple smartwatch's screen Could be better ğŸ¤”,2024-05-23 00:18:31.968292
The Apple laptop's battery life Love this product! ğŸ˜,2024-05-25 00:18:31.968292
The HP TV's quality Impressive performance â­,2024-05-25 00:18:31.968292
The Microsoft tablet's design Frustrating experience ğŸ˜¡,2024-05-25 00:18:31.968292
The Samsung smartwatch's software Decent quality â“,2024-05-26 00:18:31.968292
The Google laptop's performance Impressive performance ğŸ‰,2024-05-26 00:18:31.968292
The Google speaker's camera Okay for the price â“,2024-05-26 00:18:31.968292
The Google phone's performance Very disappointed ğŸ‘,2024-05-27 00:18:31.968292
The Amazon speaker's design Would not recommend ğŸ’”,2024-05-27 00:18:31.968292
The Samsung laptop's battery life Works perfectly â­,2024-05-27 00:18:31.968292
The Microsoft headphones's price Frustrating experience ğŸ‘,2024-05-27 00:18:31.968292
The Lenovo smartwatch's camera Amazing customer service â­,2024-05-27 00:18:31.968292
The LG laptop's quality Impressive performance ğŸ˜,2024-05-28 00:18:31.968292
The Dell phone's design Average product â“,2024-05-28 00:18:31.968292
The Lenovo phone's battery life Poor quality ğŸ˜’,2024-05-29 00:18:31.968292
The Sony console's performance Standard features ğŸ˜,2024-05-29 00:18:31.968292
The HP speaker's quality Terrible product ğŸ˜ ,2024-05-30 00:18:31.968292
The Sony smartwatch's screen Frustrating experience ğŸ˜«,2024-05-30 00:18:31.968292
The HP console's quality Okay for the price ğŸ’«,2024-05-30 00:18:31.968292
The Amazon console's performance Would not recommend ğŸ˜«,2024-05-31 00:18:31.968292
The Lenovo speaker's software Would not recommend ğŸ˜‘,2024-05-31 00:18:31.968292
The Sony phone's camera Works perfectly ğŸ‘,2024-06-01 00:18:31.968292
The Samsung smartwatch's screen Could be better ğŸ’«,2024-06-01 00:18:31.968292
The LG camera's battery life Great value for money ğŸ˜,2024-06-01 00:18:31.968292
The Samsung smartwatch's price Not worth the price ğŸ˜’,2024-06-02 00:18:31.968292
The Lenovo speaker's camera Mixed feelings ğŸ¤·,2024-06-02 00:18:31.968292
The Samsung laptop's quality Fantastic features ğŸ˜Š,2024-06-02 00:18:31.968292
The Microsoft smartwatch's performance Very disappointed ğŸ‘,2024-06-03 00:18:31.968292
The HP TV's design Many issues ğŸ‘,2024-06-03 00:18:31.968292
The LG smartwatch's software Highly recommend ğŸ˜Š,2024-06-03 00:18:31.968292
The HP camera's battery life Fantastic features ğŸ¥°,2024-06-06 00:18:31.968292
The Lenovo smartwatch's camera Doesn't work properly ğŸ˜‘,2024-06-06 00:18:31.968292
The Apple speaker's battery life Works perfectly ğŸ‘,2024-06-06 00:18:31.968292
The Sony tablet's camera Very satisfied ğŸ˜Š,2024-06-07 00:18:31.968292
The Apple TV's performance Standard features ğŸ˜•,2024-06-07 00:18:31.968292
The HP tablet's price Best purchase ever ğŸ¥°,2024-06-07 00:18:31.968292
The HP smartwatch's quality Expected more ğŸ¤”,2024-06-08 00:18:31.968292
The LG phone's quality Decent quality ğŸ¤·,2024-06-08 00:18:31.968292
The Amazon console's screen Decent quality ğŸ’«,2024-06-08 00:18:31.968292
"The Google tablet's design Not bad, not great â“",2024-06-08 00:18:31.968292
The Amazon TV's camera Great value for money ğŸ¥°,2024-06-08 00:18:31.968292
The Samsung TV's quality Decent quality ğŸ˜¶,2024-06-09 00:18:31.968292
The Apple TV's design Works perfectly ğŸ˜,2024-06-09 00:18:31.968292
The Dell TV's battery life Very satisfied ğŸ˜Š,2024-06-10 00:18:31.968292
The Microsoft smartwatch's performance Impressive performance â­,2024-06-11 00:18:31.968292
The HP smartwatch's design Expected more ğŸ’«,2024-06-11 00:18:31.968292
The Microsoft console's software Standard features ğŸ˜•,2024-06-11 00:18:31.968292
"The Apple phone's performance Not bad, not great ğŸ˜•",2024-06-11 00:18:31.968292
The Sony laptop's camera Poor quality ğŸ˜‘,2024-06-11 00:18:31.968292
The Samsung laptop's camera Standard features ğŸ’«,2024-06-11 00:18:31.968292
The LG tablet's screen Many issues ğŸ˜ ,2024-06-12 00:18:31.968292
The Dell tablet's price Poor customer service ğŸ‘,2024-06-12 00:18:31.968292
The Samsung camera's quality Mixed feelings ğŸ’«,2024-06-12 00:18:31.968292
The Sony phone's software Decent quality ğŸ˜•,2024-06-13 00:18:31.968292
The Apple console's quality Great value for money ğŸ˜,2024-06-14 00:18:31.968292
The LG TV's software Doesn't work properly ğŸ˜¡,2024-06-14 00:18:31.968292
The Microsoft headphones's battery life Average product ğŸ¤·,2024-06-14 00:18:31.968292
The Google speaker's screen Best purchase ever ğŸ‘,2024-06-14 00:18:31.968292
The Lenovo TV's quality Impressive performance ğŸ’¯,2024-06-15 00:18:31.968292
The Samsung TV's software Very satisfied â­,2024-06-15 00:18:31.968292
The Lenovo headphones's screen Poor customer service ğŸ˜«,2024-06-15 00:18:31.968292
The HP TV's price Works perfectly ğŸ˜,2024-06-15 00:18:31.968292
The HP tablet's camera Basic functionality ğŸ’­,2024-06-16 00:18:31.968292
The LG smartwatch's software Frustrating experience ğŸ˜¤,2024-06-16 00:18:31.968292
The Dell smartwatch's battery life Very disappointed ğŸ‘,2024-06-16 00:18:31.968292
The HP headphones's design Basic functionality ğŸ¤·,2024-06-16 00:18:31.968292
The LG phone's software Frustrating experience ğŸ‘,2024-06-16 00:18:31.968292
The Microsoft phone's battery life Fantastic features ğŸ‘,2024-06-17 00:18:31.968292
The HP TV's design Love this product! ğŸ˜Š,2024-06-17 00:18:31.968292
The HP camera's battery life Expected more ğŸ¤”,2024-06-17 00:18:31.968292
The HP headphones's camera Very disappointed ğŸ˜‘,2024-06-18 00:18:31.968292
The Amazon camera's battery life Not worth the price ğŸ˜‘,2024-06-18 00:18:31.968292
The Google console's software Waste of money ğŸ˜«,2024-06-18 00:18:31.968292
The Lenovo phone's software Excellent quality ğŸ™Œ,2024-06-18 00:18:31.968292
The Dell phone's screen Amazing customer service ğŸ‘,2024-06-19 00:18:31.968292
The Lenovo laptop's software Poor quality ğŸ˜’,2024-06-19 00:18:31.968292
The Amazon laptop's performance Expected more ğŸ˜,2024-06-19 00:18:31.968292
The Lenovo tablet's price Very disappointed ğŸ‘,2024-06-19 00:18:31.968292
The Amazon phone's battery life Impressive performance ğŸ™Œ,2024-06-19 00:18:31.968292
The Lenovo phone's screen Standard features ğŸ˜•,2024-06-20 00:18:31.968292
The Apple speaker's camera Excellent quality â­,2024-06-21 00:18:31.968292
The Google phone's software Average product ğŸ˜,2024-06-21 00:18:31.968292
The Sony phone's performance Okay for the price â“,2024-06-21 00:18:31.968292
The Lenovo camera's design Poor quality ğŸ‘,2024-06-21 00:18:31.968292
The Dell smartwatch's performance Mixed feelings ğŸ˜•,2024-06-21 00:18:31.968292
The Samsung tablet's software Best purchase ever ğŸ˜Š,2024-06-22 00:18:31.968292
The Amazon TV's software Poor customer service ğŸ˜¤,2024-06-22 00:18:31.968292
The Google TV's design Works perfectly ğŸ˜Š,2024-06-22 00:18:31.968292
"The Amazon headphones's battery life Not bad, not great ğŸ˜¶",2024-06-22 00:18:31.968292
The Amazon console's battery life Love this product! ğŸ‘,2024-06-23 00:18:31.968292
The HP TV's design Very satisfied ğŸ‰,2024-06-23 00:18:31.968292
The Amazon smartwatch's quality Works perfectly â­,2024-06-23 00:18:31.968292
The Google phone's software Great value for money ğŸ˜Š,2024-06-23 00:18:31.968292
The Apple TV's price Amazing customer service â­,2024-06-24 00:18:31.968292
The Google console's design Impressive performance ğŸ‘,2024-06-24 00:18:31.968292
The Amazon laptop's performance Basic functionality ğŸ’«,2024-06-24 00:18:31.968292
The LG phone's camera Highly recommend ğŸ¥°,2024-06-24 00:18:31.968292
The LG tablet's quality Mixed feelings ğŸ˜,2024-06-24 00:18:31.968292
The Google tablet's price Mixed feelings ğŸ˜¶,2024-06-25 00:18:31.968292
The Lenovo smartwatch's price Very satisfied â­,2024-06-25 00:18:31.968292
The Samsung tablet's software Works perfectly ğŸ˜,2024-06-26 00:18:31.968292
The LG TV's software Very satisfied ğŸ˜Š,2024-06-26 00:18:31.968292
The Dell camera's price Great value for money ğŸ‘,2024-06-26 00:18:31.968292
The Microsoft headphones's screen Mixed feelings ğŸ˜,2024-06-26 00:18:31.968292
The LG TV's design Okay for the price ğŸ˜•,2024-06-27 00:18:31.968292
The Google smartwatch's price Expected more ğŸ˜¶,2024-06-27 00:18:31.968292
The Amazon console's battery life Average product ğŸ˜•,2024-06-27 00:18:31.968292
The Dell speaker's screen Fantastic features ğŸ˜,2024-06-27 00:18:31.968292
The Lenovo speaker's design Okay for the price ğŸ’«,2024-06-29 00:18:31.968292
The Sony smartwatch's design Expected more ğŸ˜•,2024-06-30 00:18:31.968292
The Sony tablet's screen Best purchase ever ğŸ™Œ,2024-07-01 00:18:31.968292
The Lenovo camera's software Mixed feelings ğŸ¤”,2024-07-02 00:18:31.968292
The Google smartwatch's software Many issues ğŸ˜«,2024-07-02 00:18:31.968292
The Samsung laptop's software Waste of money ğŸ˜¤,2024-07-03 00:18:31.968292
The Apple laptop's price Amazing customer service â­,2024-07-03 00:18:31.968292
The Lenovo console's battery life Very satisfied ğŸ™Œ,2024-07-03 00:18:31.968292
The Samsung laptop's screen Would not recommend ğŸ‘,2024-07-03 00:18:31.968292
The LG speaker's quality Standard features ğŸ˜,2024-07-04 00:18:31.968292
The Google console's camera Mixed feelings ğŸ˜,2024-07-04 00:18:31.968292
The HP tablet's battery life Could be better ğŸ¤”,2024-07-05 00:18:31.968292
The Samsung TV's screen Okay for the price ğŸ˜•,2024-07-06 00:18:31.968292
The Dell smartwatch's price Could be better ğŸ˜¶,2024-07-06 00:18:31.968292
The Dell phone's quality Would not recommend ğŸ˜¡,2024-07-06 00:18:31.968292
The Microsoft TV's performance Very satisfied ğŸ˜Š,2024-07-06 00:18:31.968292
The Amazon phone's software Best purchase ever ğŸ¥°,2024-07-06 00:18:31.968292
The Samsung tablet's camera Very disappointed ğŸ‘,2024-07-07 00:18:31.968292
The Google headphones's battery life Waste of money ğŸ˜¤,2024-07-07 00:18:31.968292
The LG speaker's quality Great value for money ğŸ˜Š,2024-07-08 00:18:31.968292
The Amazon TV's performance Terrible product ğŸ‘,2024-07-08 00:18:31.968292
The Google console's performance Amazing customer service ğŸ’¯,2024-07-08 00:18:31.968292
The Dell phone's performance Impressive performance ğŸ’¯,2024-07-08 00:18:31.968292
The Amazon TV's performance Frustrating experience ğŸ˜ ,2024-07-08 00:18:31.968292
The Google headphones's software Very satisfied ğŸ’¯,2024-07-08 00:18:31.968292
The HP TV's camera Decent quality ğŸ’«,2024-07-08 00:18:31.968292
The Apple console's performance Impressive performance ğŸ‘,2024-07-09 00:18:31.968292
The Amazon headphones's design Okay for the price ğŸ’«,2024-07-10 00:18:31.968292
The Samsung speaker's camera Average product ğŸ¤”,2024-07-10 00:18:31.968292
The HP camera's battery life Fantastic features ğŸ™Œ,2024-07-10 00:18:31.968292
The Lenovo console's screen Fantastic features ğŸ’¯,2024-07-10 00:18:31.968292
The LG tablet's camera Excellent quality ğŸ’¯,2024-07-10 00:18:31.968292
The Dell TV's design Decent quality ğŸ¤·,2024-07-11 00:18:31.968292
The Apple smartwatch's battery life Very satisfied ğŸ‰,2024-07-11 00:18:31.968292
The Sony phone's screen Waste of money ğŸ˜‘,2024-07-11 00:18:31.968292
The Amazon laptop's quality Best purchase ever ğŸ¥°,2024-07-12 00:18:31.968292
The Lenovo TV's screen Expected more ğŸ’­,2024-07-12 00:18:31.968292
The LG camera's price Amazing customer service ğŸ˜Š,2024-07-12 00:18:31.968292
The Amazon TV's price Impressive performance â­,2024-07-13 00:18:31.968292
The LG camera's camera Frustrating experience ğŸ˜¤,2024-07-14 00:18:31.968292
The Samsung tablet's design Excellent quality ğŸ‰,2024-07-14 00:18:31.968292
The LG speaker's price Very satisfied ğŸ˜,2024-07-15 00:18:31.968292
The Apple laptop's battery life Great value for money ğŸ˜,2024-07-15 00:18:31.968292
The Apple phone's software Regular performance ğŸ¤”,2024-07-15 00:18:31.968292
The Samsung tablet's camera Excellent quality â­,2024-07-16 00:18:31.968292
The Lenovo phone's price Waste of money ğŸ˜‘,2024-07-16 00:18:31.968292
The HP speaker's quality Fantastic features ğŸ˜,2024-07-17 00:18:31.968292
The HP phone's design Best purchase ever ğŸ‰,2024-07-17 00:18:31.968292
The Sony tablet's performance Mixed feelings ğŸ’«,2024-07-18 00:18:31.968292
The LG console's software Regular performance ğŸ¤·,2024-07-18 00:18:31.968292
The Sony phone's camera Impressive performance ğŸ‘,2024-07-19 00:18:31.968292
The Google speaker's design Okay for the price ğŸ˜•,2024-07-19 00:18:31.968292
The Dell headphones's design Works perfectly ğŸ™Œ,2024-07-19 00:18:31.968292
The Dell smartwatch's camera Excellent quality ğŸ¥°,2024-07-20 00:18:31.968292
The Microsoft console's quality Basic functionality ğŸ˜•,2024-07-20 00:18:31.968292
The Apple phone's quality Poor quality ğŸ˜‘,2024-07-20 00:18:31.968292
The Dell camera's screen Expected more ğŸ’«,2024-07-21 00:18:31.968292
The Samsung phone's performance Regular performance ğŸ˜•,2024-07-22 00:18:31.968292
The Samsung camera's software Average product ğŸ˜¶,2024-07-22 00:18:31.968292
The Apple headphones's design Very disappointed ğŸ˜¡,2024-07-23 00:18:31.968292
The Samsung console's price Impressive performance ğŸ™Œ,2024-07-23 00:18:31.968292
The HP headphones's quality Poor quality ğŸ˜¤,2024-07-24 00:18:31.968292
The HP headphones's software Terrible product ğŸ˜¡,2024-07-24 00:18:31.968292
The Dell laptop's screen Basic functionality ğŸ˜¶,2024-07-24 00:18:31.968292
The Samsung phone's design Highly recommend ğŸ’¯,2024-07-24 00:18:31.968292
The LG speaker's quality Standard features ğŸ’«,2024-07-25 00:18:31.968292
The Google tablet's design Could be better ğŸ¤·,2024-07-25 00:18:31.968292
The Google phone's software Amazing customer service ğŸ˜,2024-07-26 00:18:31.968292
The Microsoft headphones's performance Very disappointed ğŸ˜«,2024-07-26 00:18:31.968292
The Lenovo smartwatch's design Impressive performance ğŸ™Œ,2024-07-27 00:18:31.968292
The Dell camera's performance Waste of money ğŸ˜ ,2024-07-27 00:18:31.968292
The Amazon camera's screen Highly recommend ğŸ¥°,2024-07-27 00:18:31.968292
The HP TV's quality Poor quality ğŸ˜‘,2024-07-28 00:18:31.968292
The Lenovo camera's screen Mixed feelings ğŸ’«,2024-07-28 00:18:31.968292
The Lenovo tablet's performance Many issues ğŸ‘,2024-07-28 00:18:31.968292
The Amazon laptop's screen Poor quality ğŸ˜¡,2024-07-28 00:18:31.968292
The Google headphones's performance Best purchase ever ğŸ‘,2024-07-28 00:18:31.968292
The HP speaker's quality Fantastic features ğŸ™Œ,2024-07-28 00:18:31.968292
The Dell TV's price Great value for money ğŸ˜Š,2024-07-29 00:18:31.968292
The LG headphones's performance Doesn't work properly ğŸ˜«,2024-07-29 00:18:31.968292
The Google headphones's screen Highly recommend ğŸ‰,2024-07-29 00:18:31.968292
The Apple headphones's design Mixed feelings ğŸ¤”,2024-07-30 00:18:31.968292
The Sony speaker's software Highly recommend ğŸ˜,2024-07-30 00:18:31.968292
The LG tablet's screen Best purchase ever ğŸ¥°,2024-07-30 00:18:31.968292
The LG phone's design Basic functionality ğŸ’«,2024-07-30 00:18:31.968292
The Lenovo headphones's battery life Waste of money ğŸ˜ ,2024-07-31 00:18:31.968292
The Microsoft tablet's price Works perfectly ğŸ™Œ,2024-07-31 00:18:31.968292
The Lenovo smartwatch's software Fantastic features ğŸ‰,2024-07-31 00:18:31.968292
The Samsung camera's software Mixed feelings â“,2024-07-31 00:18:31.968292
The Sony console's camera Great value for money ğŸ˜Š,2024-07-31 00:18:31.968292
The Dell smartwatch's price Highly recommend ğŸ’¯,2024-08-01 00:18:31.968292
The Sony laptop's screen Poor quality ğŸ˜ ,2024-08-02 00:18:31.968292
The HP headphones's quality Love this product! ğŸ™Œ,2024-08-02 00:18:31.968292
The Lenovo smartwatch's design Excellent quality ğŸ‰,2024-08-04 00:18:31.968292
The LG camera's design Many issues ğŸ˜‘,2024-08-04 00:18:31.968292
The Samsung headphones's design Regular performance ğŸ˜¶,2024-08-04 00:18:31.968292
The LG laptop's software Standard features ğŸ˜•,2024-08-05 00:18:31.968292
The Sony TV's battery life Frustrating experience ğŸ˜¤,2024-08-05 00:18:31.968292
The Microsoft console's quality Love this product! ğŸ˜,2024-08-05 00:18:31.968292
The LG console's screen Excellent quality ğŸ™Œ,2024-08-05 00:18:31.968292
The Dell laptop's camera Amazing customer service ğŸ’¯,2024-08-06 00:18:31.968292
The Sony camera's performance Amazing customer service ğŸ˜Š,2024-08-06 00:18:31.968292
The HP console's screen Amazing customer service â­,2024-08-07 00:18:31.968292
The Amazon phone's camera Terrible product ğŸ˜ ,2024-08-07 00:18:31.968292
The Samsung tablet's camera Fantastic features ğŸ˜Š,2024-08-07 00:18:31.968292
The Microsoft speaker's camera Love this product! â­,2024-08-07 00:18:31.968292
The Google laptop's price Could be better ğŸ¤·,2024-08-07 00:18:31.968292
The Apple camera's price Very satisfied ğŸ™Œ,2024-08-07 00:18:31.968292
The Microsoft headphones's software Poor quality ğŸ˜’,2024-08-08 00:18:31.968292
The Microsoft laptop's design Expected more ğŸ¤·,2024-08-09 00:18:31.968292
The Samsung console's quality Love this product! ğŸ’¯,2024-08-09 00:18:31.968292
"The Lenovo TV's design Not bad, not great ğŸ’­",2024-08-10 00:18:31.968292
The Lenovo speaker's screen Poor customer service ğŸ˜«,2024-08-10 00:18:31.968292
The Dell tablet's battery life Regular performance ğŸ˜,2024-08-10 00:18:31.968292
The Samsung speaker's design Love this product! ğŸ™Œ,2024-08-10 00:18:31.968292
The Apple console's performance Best purchase ever ğŸ¥°,2024-08-12 00:18:31.968292
The Google laptop's price Could be better ğŸ’«,2024-08-12 00:18:31.968292
The Samsung smartwatch's price Works perfectly ğŸ¥°,2024-08-12 00:18:31.968292
The Amazon phone's performance Basic functionality ğŸ˜,2024-08-12 00:18:31.968292
The Amazon speaker's quality Impressive performance ğŸ‘,2024-08-13 00:18:31.968292
The Apple TV's quality Would not recommend ğŸ˜’,2024-08-13 00:18:31.968292
The Sony headphones's software Very satisfied ğŸ™Œ,2024-08-13 00:18:31.968292
The HP tablet's battery life Many issues ğŸ‘,2024-08-13 00:18:31.968292
The Samsung speaker's software Okay for the price ğŸ’«,2024-08-14 00:18:31.968292
The Apple tablet's price Very satisfied ğŸ˜Š,2024-08-14 00:18:31.968292
The Samsung camera's quality Works perfectly ğŸ™Œ,2024-08-14 00:18:31.968292
The Google camera's battery life Excellent quality â­,2024-08-15 00:18:31.968292
The LG headphones's software Works perfectly ğŸ’¯,2024-08-17 00:18:31.968292
The Apple laptop's battery life Highly recommend â­,2024-08-17 00:18:31.968292
The LG laptop's camera Doesn't work properly ğŸ’”,2024-08-17 00:18:31.968292
The Dell smartwatch's price Poor customer service ğŸ˜‘,2024-08-17 00:18:31.968292
The Apple speaker's software Expected more ğŸ˜¶,2024-08-17 00:18:31.968292
The HP speaker's screen Basic functionality â“,2024-08-17 00:18:31.968292
The HP TV's camera Okay for the price ğŸ˜•,2024-08-18 00:18:31.968292
The Apple headphones's design Expected more â“,2024-08-18 00:18:31.968292
The HP smartwatch's design Would not recommend ğŸ˜¤,2024-08-19 00:18:31.968292
"The Samsung TV's camera Not bad, not great ğŸ˜•",2024-08-19 00:18:31.968292
The Lenovo laptop's performance Excellent quality ğŸ‘,2024-08-20 00:18:31.968292
The Apple headphones's software Many issues ğŸ˜«,2024-08-20 00:18:31.968292
The Amazon speaker's design Excellent quality ğŸ¥°,2024-08-20 00:18:31.968292
The Lenovo laptop's battery life Impressive performance ğŸ˜Š,2024-08-20 00:18:31.968292
The Apple speaker's performance Poor customer service ğŸ˜’,2024-08-20 00:18:31.968292
The LG TV's battery life Mixed feelings â“,2024-08-21 00:18:31.968292
The Samsung TV's performance Works perfectly ğŸ¥°,2024-08-21 00:18:31.968292
The HP headphones's quality Poor quality ğŸ’”,2024-08-22 00:18:31.968292
The Google TV's price Poor customer service ğŸ˜¡,2024-08-22 00:18:31.968292
The Amazon laptop's price Very disappointed ğŸ˜’,2024-08-23 00:18:31.968292
The Lenovo camera's camera Fantastic features ğŸ‰,2024-08-23 00:18:31.968292
The Amazon speaker's price Highly recommend ğŸ™Œ,2024-08-23 00:18:31.968292
The Amazon camera's software Best purchase ever â­,2024-08-24 00:18:31.968292
"The Amazon console's camera Not bad, not great ğŸ˜",2024-08-24 00:18:31.968292
The Google tablet's design Highly recommend ğŸ’¯,2024-08-25 00:18:31.968292
The HP smartwatch's design Many issues ğŸ˜‘,2024-08-25 00:18:31.968292
The Microsoft smartwatch's screen Terrible product ğŸ˜ ,2024-08-25 00:18:31.968292
The Sony camera's performance Love this product! ğŸ¥°,2024-08-25 00:18:31.968292
The Amazon tablet's software Terrible product ğŸ˜¡,2024-08-26 00:18:31.968292
The Amazon headphones's screen Works perfectly ğŸ™Œ,2024-08-26 00:18:31.968292
The Lenovo camera's performance Mixed feelings ğŸ’­,2024-08-26 00:18:31.968292
The HP headphones's screen Very disappointed ğŸ˜’,2024-08-27 00:18:31.968292
The LG console's camera Would not recommend ğŸ˜¤,2024-08-27 00:18:31.968292
The Lenovo tablet's software Poor quality ğŸ˜’,2024-08-27 00:18:31.968292
The Lenovo speaker's screen Best purchase ever ğŸ’¯,2024-08-28 00:18:31.968292
The Google console's camera Doesn't work properly ğŸ˜’,2024-08-28 00:18:31.968292
The Sony laptop's battery life Love this product! ğŸ‘,2024-08-29 00:18:31.968292
The Google smartwatch's battery life Very disappointed ğŸ˜ ,2024-08-30 00:18:31.968292
The Apple TV's screen Decent quality ğŸ’«,2024-08-30 00:18:31.968292
The Apple laptop's price Impressive performance ğŸ‘,2024-08-30 00:18:31.968292
The Apple camera's camera Standard features ğŸ¤·,2024-08-31 00:18:31.968292
The HP TV's design Poor quality ğŸ˜¤,2024-08-31 00:18:31.968292
The Lenovo camera's quality Doesn't work properly ğŸ˜’,2024-09-01 00:18:31.968292
The HP speaker's screen Excellent quality ğŸ‰,2024-09-01 00:18:31.968292
The Microsoft smartwatch's quality Very disappointed ğŸ‘,2024-09-02 00:18:31.968292
The Microsoft headphones's battery life Highly recommend ğŸ™Œ,2024-09-03 00:18:31.968292
The LG headphones's battery life Great value for money ğŸ¥°,2024-09-03 00:18:31.968292
The LG speaker's battery life Great value for money ğŸ˜,2024-09-03 00:18:31.968292
The Dell laptop's screen Many issues ğŸ˜¡,2024-09-04 00:18:31.968292
The Microsoft tablet's quality Poor customer service ğŸ˜¡,2024-09-05 00:18:31.968292
The Amazon speaker's price Fantastic features ğŸ¥°,2024-09-05 00:18:31.968292
The HP phone's design Average product ğŸ˜¶,2024-09-06 00:18:31.968292
The Apple tablet's design Expected more ğŸ¤”,2024-09-06 00:18:31.968292
The Microsoft headphones's software Could be better ğŸ˜¶,2024-09-08 00:18:31.968292
The Amazon speaker's software Great value for money ğŸ‰,2024-09-09 00:18:31.968292
The Microsoft phone's battery life Love this product! ğŸ‰,2024-09-09 00:18:31.968292
The Amazon phone's camera Poor quality ğŸ˜¤,2024-09-09 00:18:31.968292
The Microsoft TV's software Great value for money ğŸ’¯,2024-09-09 00:18:31.968292
The Google speaker's software Love this product! ğŸ¥°,2024-09-09 00:18:31.968292
The Apple camera's camera Amazing customer service ğŸ¥°,2024-09-10 00:18:31.968292
"The Apple TV's performance Not bad, not great â“",2024-09-10 00:18:31.968292
"The Sony headphones's battery life Not bad, not great â“",2024-09-10 00:18:31.968292
The Samsung speaker's software Poor quality ğŸ’”,2024-09-11 00:18:31.968292
The Lenovo headphones's software Great value for money ğŸ˜,2024-09-11 00:18:31.968292
The Microsoft camera's camera Okay for the price ğŸ˜¶,2024-09-11 00:18:31.968292
The LG headphones's software Would not recommend ğŸ‘,2024-09-12 00:18:31.968292
The Lenovo headphones's software Could be better ğŸ’«,2024-09-12 00:18:31.968292
The Lenovo speaker's screen Works perfectly ğŸ˜,2024-09-13 00:18:31.968292
The Apple smartwatch's camera Frustrating experience ğŸ˜¡,2024-09-13 00:18:31.968292
The Sony camera's battery life Decent quality â“,2024-09-13 00:18:31.968292
The Amazon smartwatch's battery life Would not recommend ğŸ˜«,2024-09-13 00:18:31.968292
The Google headphones's quality Amazing customer service ğŸ¥°,2024-09-14 00:18:31.968292
The Lenovo console's price Waste of money ğŸ’”,2024-09-14 00:18:31.968292
The Lenovo console's quality Works perfectly ğŸ™Œ,2024-09-14 00:18:31.968292
The Lenovo phone's design Very satisfied â­,2024-09-14 00:18:31.968292
The LG speaker's screen Average product â“,2024-09-15 00:18:31.968292
The Dell headphones's screen Regular performance ğŸ˜,2024-09-15 00:18:31.968292
The Amazon speaker's performance Love this product! ğŸ¥°,2024-09-15 00:18:31.968292
The Dell console's price Not worth the price ğŸ’”,2024-09-16 00:18:31.968292
The Samsung laptop's price Great value for money ğŸ™Œ,2024-09-16 00:18:31.968292
The Apple phone's price Amazing customer service ğŸ‰,2024-09-17 00:18:31.968292
The Sony tablet's price Basic functionality ğŸ˜,2024-09-17 00:18:31.968292
The Dell phone's quality Very satisfied ğŸ¥°,2024-09-17 00:18:31.968292
The Lenovo speaker's battery life Regular performance ğŸ’«,2024-09-17 00:18:31.968292
The Amazon tablet's camera Great value for money ğŸ’¯,2024-09-18 00:18:31.968292
The Microsoft console's performance Basic functionality ğŸ˜•,2024-09-18 00:18:31.968292
The Dell phone's performance Doesn't work properly ğŸ˜’,2024-09-19 00:18:31.968292
The Dell camera's performance Waste of money ğŸ˜«,2024-09-19 00:18:31.968292
The HP smartwatch's performance Amazing customer service ğŸ‘,2024-09-19 00:18:31.968292
The Samsung tablet's design Waste of money ğŸ˜¤,2024-09-19 00:18:31.968292
The Sony camera's price Fantastic features â­,2024-09-19 00:18:31.968292
The Google phone's price Excellent quality ğŸ™Œ,2024-09-20 00:18:31.968292
The HP console's software Works perfectly ğŸ‘,2024-09-20 00:18:31.968292
The Samsung smartwatch's screen Okay for the price â“,2024-09-20 00:18:31.968292
The Lenovo tablet's battery life Works perfectly ğŸ˜Š,2024-09-21 00:18:31.968292
The HP phone's quality Best purchase ever ğŸ‰,2024-09-21 00:18:31.968292
The HP speaker's screen Amazing customer service ğŸ‰,2024-09-22 00:18:31.968292
The Lenovo headphones's camera Great value for money ğŸ¥°,2024-09-23 00:18:31.968292
The Dell smartwatch's battery life Best purchase ever ğŸ˜Š,2024-09-23 00:18:31.968292
The Dell smartwatch's camera Love this product! ğŸ˜,2024-09-23 00:18:31.968292
The Samsung laptop's quality Basic functionality ğŸ’­,2024-09-24 00:18:31.968292
The Samsung console's screen Best purchase ever â­,2024-09-24 00:18:31.968292
The LG smartwatch's design Frustrating experience ğŸ˜’,2024-09-25 00:18:31.968292
The LG smartwatch's design Very disappointed ğŸ˜ ,2024-09-25 00:18:31.968292
The Amazon tablet's quality Fantastic features ğŸ˜,2024-09-26 00:18:31.968292
The LG speaker's price Great value for money â­,2024-09-26 00:18:31.968292
The Sony phone's screen Impressive performance â­,2024-09-26 00:18:31.968292
The Dell smartwatch's software Very satisfied ğŸ’¯,2024-09-27 00:18:31.968292
The Microsoft laptop's battery life Standard features ğŸ˜¶,2024-09-27 00:18:31.968292
The Dell headphones's performance Impressive performance ğŸ‰,2024-09-28 00:18:31.968292
The Dell smartwatch's software Terrible product ğŸ˜ ,2024-09-28 00:18:31.968292
The Samsung camera's price Love this product! â­,2024-09-29 00:18:31.968292
The Amazon tablet's software Expected more ğŸ¤·,2024-09-30 00:18:31.968292
The Dell tablet's quality Waste of money ğŸ˜«,2024-09-30 00:18:31.968292
The Amazon camera's quality Decent quality ğŸ’­,2024-09-30 00:18:31.968292
The LG TV's price Amazing customer service ğŸ‰,2024-09-30 00:18:31.968292
The Samsung speaker's software Frustrating experience ğŸ˜«,2024-10-01 00:18:31.968292
The Microsoft console's camera Works perfectly ğŸ‘,2024-10-01 00:18:31.968292
The Lenovo tablet's design Regular performance ğŸ¤”,2024-10-01 00:18:31.968292
The Google console's battery life Average product ğŸ¤”,2024-10-02 00:18:31.968292
The Sony console's camera Best purchase ever ğŸ‘,2024-10-02 00:18:31.968292
The Google console's price Very satisfied ğŸ¥°,2024-10-03 00:18:31.968292
The Lenovo console's design Doesn't work properly ğŸ‘,2024-10-03 00:18:31.968292
The Dell phone's price Many issues ğŸ˜‘,2024-10-04 00:18:31.968292
The Sony smartwatch's software Poor quality ğŸ˜¤,2024-10-04 00:18:31.968292
The Google tablet's quality Could be better â“,2024-10-04 00:18:31.968292
The Dell phone's screen Regular performance â“,2024-10-04 00:18:31.968292
The Apple laptop's price Great value for money ğŸ˜Š,2024-10-04 00:18:31.968292
The HP speaker's software Doesn't work properly ğŸ’”,2024-10-05 00:18:31.968292
The HP laptop's price Frustrating experience ğŸ‘,2024-10-05 00:18:31.968292
The HP laptop's software Very disappointed ğŸ˜ ,2024-10-05 00:18:31.968292
The Microsoft TV's design Impressive performance ğŸ˜,2024-10-05 00:18:31.968292
The Microsoft laptop's price Regular performance ğŸ˜¶,2024-10-05 00:18:31.968292
The HP smartwatch's performance Very disappointed ğŸ’”,2024-10-05 00:18:31.968292
The Lenovo console's software Regular performance ğŸ˜,2024-10-05 00:18:31.968292
The Samsung smartwatch's performance Not worth the price ğŸ˜¤,2024-10-05 00:18:31.968292
The HP speaker's software Could be better â“,2024-10-06 00:18:31.968292
The Apple tablet's performance Okay for the price ğŸ¤·,2024-10-06 00:18:31.968292
The Google phone's screen Standard features ğŸ’­,2024-10-06 00:18:31.968292
The Apple laptop's price Works perfectly â­,2024-10-06 00:18:31.968292
The Apple camera's price Many issues ğŸ’”,2024-10-06 00:18:31.968292
The LG phone's price Poor customer service ğŸ‘,2024-10-07 00:18:31.968292
The Sony tablet's software Terrible product ğŸ˜¤,2024-10-07 00:18:31.968292
The Google phone's screen Standard features ğŸ˜¶,2024-10-08 00:18:31.968292
The Sony tablet's screen Poor customer service ğŸ˜¤,2024-10-08 00:18:31.968292
The Dell tablet's screen Best purchase ever ğŸ‘,2024-10-08 00:18:31.968292
The Lenovo smartwatch's screen Okay for the price ğŸ’­,2024-10-09 00:18:31.968292
The Google speaker's design Amazing customer service ğŸ‘,2024-10-09 00:18:31.968292
The LG smartwatch's screen Poor customer service ğŸ˜ ,2024-10-10 00:18:31.968292
The LG smartwatch's quality Okay for the price ğŸ¤·,2024-10-10 00:18:31.968292
The Amazon console's design Regular performance ğŸ˜•,2024-10-10 00:18:31.968292
The Dell TV's screen Waste of money ğŸ˜¤,2024-10-10 00:18:31.968292
The Lenovo camera's design Works perfectly ğŸ¥°,2024-10-11 00:18:31.968292
The Lenovo phone's screen Very satisfied ğŸ’¯,2024-10-11 00:18:31.968292
The Samsung TV's camera Could be better â“,2024-10-12 00:18:31.968292
The Google laptop's performance Fantastic features ğŸ‘,2024-10-12 00:18:31.968292
The HP speaker's software Doesn't work properly ğŸ˜¤,2024-10-13 00:18:31.968292
The Amazon laptop's design Standard features ğŸ’­,2024-10-13 00:18:31.968292
The HP smartwatch's camera Excellent quality ğŸ¥°,2024-10-13 00:18:31.968292
The Google tablet's camera Best purchase ever â­,2024-10-14 00:18:31.968292
The HP phone's quality Mixed feelings ğŸ¤·,2024-10-14 00:18:31.968292
The Samsung laptop's camera Very disappointed ğŸ˜«,2024-10-14 00:18:31.968292
The Dell console's quality Doesn't work properly ğŸ˜¡,2024-10-14 00:18:31.968292
The HP laptop's performance Fantastic features ğŸ™Œ,2024-10-14 00:18:31.968292
The Microsoft headphones's camera Works perfectly ğŸ˜Š,2024-10-16 00:18:31.968292
The Samsung laptop's price Love this product! ğŸ¥°,2024-10-17 00:18:31.968292
The Apple phone's price Many issues ğŸ˜«,2024-10-17 00:18:31.968292
The Samsung headphones's design Many issues ğŸ˜ ,2024-10-17 00:18:31.968292
The Dell TV's camera Works perfectly ğŸ’¯,2024-10-18 00:18:31.968292
The Samsung tablet's battery life Mixed feelings ğŸ˜¶,2024-10-19 00:18:31.968292
The Apple speaker's battery life Highly recommend ğŸ˜Š,2024-10-19 00:18:31.968292
The Google headphones's software Mixed feelings ğŸ˜¶,2024-10-19 00:18:31.968292
The LG console's software Okay for the price ğŸ˜•,2024-10-19 00:18:31.968292
The Lenovo smartwatch's camera Highly recommend ğŸ‰,2024-10-19 00:18:31.968292
The Samsung headphones's design Could be better ğŸ’­,2024-10-19 00:18:31.968292
The Amazon speaker's price Decent quality ğŸ¤”,2024-10-20 00:18:31.968292
The Dell laptop's software Great value for money â­,2024-10-20 00:18:31.968292
The Google laptop's price Highly recommend â­,2024-10-20 00:18:31.968292
The Microsoft camera's performance Highly recommend ğŸ‰,2024-10-20 00:18:31.968292
The LG console's price Waste of money ğŸ’”,2024-10-21 00:18:31.968292
The Amazon camera's price Many issues ğŸ˜«,2024-10-21 00:18:31.968292
The Lenovo smartwatch's screen Impressive performance ğŸ˜,2024-10-21 00:18:31.968292
The HP phone's performance Amazing customer service ğŸ‘,2024-10-22 00:18:31.968292
The Microsoft headphones's quality Poor customer service ğŸ’”,2024-10-22 00:18:31.968292
The Samsung speaker's performance Okay for the price ğŸ’­,2024-10-22 00:18:31.968292
The Lenovo smartwatch's design Basic functionality ğŸ’«,2024-10-22 00:18:31.968292
The Samsung phone's price Fantastic features ğŸ˜,2024-10-22 00:18:31.968292
The HP phone's design Poor quality ğŸ˜‘,2024-10-23 00:18:31.968292
"The Sony phone's camera Not bad, not great ğŸ’«",2024-10-23 00:18:31.968292
The HP tablet's design Works perfectly ğŸ‘,2024-10-23 00:18:31.968292
The Amazon TV's design Decent quality ğŸ’«,2024-10-24 00:18:31.968292
The Google laptop's camera Amazing customer service ğŸ˜,2024-10-24 00:18:31.968292
The Dell laptop's camera Terrible product ğŸ˜«,2024-10-25 00:18:31.968292
The HP TV's battery life Amazing customer service ğŸ‰,2024-10-25 00:18:31.968292
The Dell headphones's camera Waste of money ğŸ˜‘,2024-10-25 00:18:31.968292
The Dell smartwatch's camera Very satisfied ğŸ˜Š,2024-10-25 00:18:31.968292
The Google smartwatch's battery life Poor customer service ğŸ˜¤,2024-10-26 00:18:31.968292
The Samsung smartwatch's price Great value for money ğŸ™Œ,2024-10-26 00:18:31.968292
The HP headphones's performance Regular performance ğŸ’­,2024-10-27 00:18:31.968292
The LG console's screen Highly recommend ğŸ™Œ,2024-10-28 00:18:31.968292
The Lenovo speaker's screen Frustrating experience ğŸ˜«,2024-10-28 00:18:31.968292
The Apple TV's screen Love this product! ğŸ™Œ,2024-10-28 00:18:31.968292
The HP laptop's design Poor customer service ğŸ˜‘,2024-10-28 00:18:31.968292
The Lenovo camera's price Fantastic features ğŸ˜,2024-10-29 00:18:31.968292
The Microsoft speaker's camera Terrible product ğŸ˜‘,2024-10-29 00:18:31.968292
The Apple smartwatch's camera Doesn't work properly ğŸ˜’,2024-10-30 00:18:31.968292
The LG camera's price Could be better ğŸ˜,2024-10-30 00:18:31.968292
The LG TV's camera Very disappointed ğŸ˜¤,2024-10-30 00:18:31.968292
The Apple phone's battery life Poor quality ğŸ˜«,2024-10-30 00:18:31.968292
The Sony tablet's software Poor quality ğŸ˜‘,2024-10-31 00:18:31.968292
The Dell tablet's design Would not recommend ğŸ˜‘,2024-10-31 00:18:31.968292
The Google speaker's battery life Best purchase ever ğŸ’¯,2024-11-01 00:18:31.968292
The LG speaker's quality Mixed feelings ğŸ’«,2024-11-01 00:18:31.968292
The Microsoft smartwatch's screen Highly recommend ğŸ‰,2024-11-02 00:18:31.968292
The Apple phone's screen Not worth the price ğŸ˜ ,2024-11-03 00:18:31.968292
The Apple camera's battery life Very disappointed ğŸ˜¡,2024-11-03 00:18:31.968292
The Samsung headphones's software Okay for the price ğŸ¤”,2024-11-03 00:18:31.968292
The Amazon camera's performance Okay for the price ğŸ¤·,2024-11-03 00:18:31.968292
The Lenovo camera's performance Poor customer service ğŸ˜¤,2024-11-04 00:18:31.968292
The Samsung smartwatch's quality Expected more ğŸ’«,2024-11-04 00:18:31.968292
The Google laptop's screen Okay for the price ğŸ’«,2024-11-05 00:18:31.968292
The Samsung camera's performance Doesn't work properly ğŸ˜ ,2024-11-05 00:18:31.968292
The Sony laptop's battery life Standard features ğŸ˜¶,2024-11-05 00:18:31.968292
The Google camera's battery life Best purchase ever â­,2024-11-05 00:18:31.968292
The Samsung TV's design Very disappointed ğŸ˜’,2024-11-05 00:18:31.968292
"The Sony headphones's performance Not bad, not great ğŸ¤·",2024-11-05 00:18:31.968292
The Amazon laptop's battery life Regular performance ğŸ’­,2024-11-05 00:18:31.968292
The Microsoft headphones's price Standard features ğŸ¤·,2024-11-05 00:18:31.968292
The Lenovo headphones's screen Best purchase ever ğŸ™Œ,2024-11-06 00:18:31.968292
The Amazon console's quality Terrible product ğŸ˜«,2024-11-06 00:18:31.968292
The Amazon headphones's battery life Regular performance ğŸ˜,2024-11-07 00:18:31.968292
The Apple camera's design Many issues ğŸ˜‘,2024-11-07 00:18:31.968292
The Google TV's battery life Would not recommend ğŸ˜’,2024-11-08 00:18:31.968292
The Dell laptop's price Regular performance ğŸ¤·,2024-11-08 00:18:31.968292
The Sony tablet's price Impressive performance ğŸ™Œ,2024-11-09 00:18:31.968292
The Apple laptop's software Impressive performance ğŸ’¯,2024-11-09 00:18:31.968292
"The Apple phone's screen Not bad, not great ğŸ¤”",2024-11-09 00:18:31.968292
The Apple camera's performance Impressive performance ğŸ™Œ,2024-11-09 00:18:31.968292
The Apple camera's battery life Great value for money â­,2024-11-10 00:18:31.968292
The Samsung TV's price Highly recommend ğŸ‰,2024-11-10 00:18:31.968292
The Samsung camera's software Very satisfied ğŸ˜Š,2024-11-10 00:18:31.968292
The Dell phone's screen Doesn't work properly ğŸ’”,2024-11-11 00:18:31.968292
The Microsoft headphones's battery life Great value for money â­,2024-11-11 00:18:31.968292
The HP laptop's price Frustrating experience ğŸ˜¤,2024-11-11 00:18:31.968292
The Apple TV's price Standard features ğŸ’­,2024-11-12 00:18:31.968292
The Microsoft console's software Impressive performance ğŸ‰,2024-11-12 00:18:31.968292
The Dell TV's price Not worth the price ğŸ˜‘,2024-11-12 00:18:31.968292
The Apple camera's screen Waste of money ğŸ’”,2024-11-13 00:18:31.968292
The Samsung TV's battery life Amazing customer service ğŸ˜,2024-11-13 00:18:31.968292
The Dell laptop's price Frustrating experience ğŸ’”,2024-11-14 00:18:31.968292
The Dell headphones's camera Impressive performance ğŸ˜Š,2024-11-15 00:18:31.968292
The Apple console's battery life Poor customer service ğŸ’”,2024-11-15 00:18:31.968292
The Amazon laptop's design Works perfectly ğŸ‘,2024-11-15 00:18:31.968292
The Microsoft smartwatch's camera Poor quality ğŸ˜«,2024-11-15 00:18:31.968292
The Samsung console's screen Best purchase ever ğŸ˜Š,2024-11-16 00:18:31.968292
The Samsung speaker's software Very disappointed ğŸ˜¡,2024-11-17 00:18:31.968292
The Sony smartwatch's quality Very satisfied â­,2024-11-17 00:18:31.968292
The HP headphones's quality Very satisfied ğŸ˜,2024-11-17 00:18:31.968292
The HP headphones's design Expected more ğŸ¤”,2024-11-17 00:18:31.968292
The Dell console's performance Fantastic features ğŸ‘,2024-11-17 00:18:31.968292
The LG laptop's software Expected more ğŸ˜¶,2024-11-17 00:18:31.968292
The Apple headphones's camera Okay for the price ğŸ˜,2024-11-18 00:18:31.968292
The LG console's software Terrible product ğŸ˜¤,2024-11-18 00:18:31.968292
The LG headphones's battery life Would not recommend ğŸ˜’,2024-11-19 00:18:31.968292
The Google console's performance Poor quality ğŸ˜’,2024-11-20 00:18:31.968292
The HP headphones's screen Waste of money ğŸ˜¤,2024-11-20 00:18:31.968292
The Apple phone's quality Fantastic features ğŸ‰,2024-11-20 00:18:31.968292
The Amazon camera's price Very disappointed ğŸ˜¤,2024-11-20 00:18:31.968292
The Apple speaker's software Regular performance ğŸ’­,2024-11-21 00:18:31.968292
The Amazon phone's software Regular performance â“,2024-11-21 00:18:31.968292
The Lenovo tablet's quality Excellent quality ğŸ‘,2024-11-22 00:18:31.968292
The Amazon headphones's performance Waste of money ğŸ˜‘,2024-11-22 00:18:31.968292
The Apple phone's performance Great value for money ğŸ¥°,2024-11-22 00:18:31.968292
The Microsoft phone's camera Doesn't work properly ğŸ˜‘,2024-11-23 00:18:31.968292
The Dell TV's price Basic functionality ğŸ’«,2024-11-23 00:18:31.968292
The Dell camera's battery life Terrible product ğŸ˜‘,2024-11-23 00:18:31.968292
The Google tablet's performance Works perfectly ğŸ‰,2024-11-24 00:18:31.968292
The Google phone's performance Best purchase ever ğŸ‰,2024-11-24 00:18:31.968292
The LG TV's quality Basic functionality ğŸ’«,2024-11-24 00:18:31.968292
The Samsung laptop's quality Doesn't work properly ğŸ˜’,2024-11-25 00:18:31.968292
The Amazon camera's camera Many issues ğŸ˜‘,2024-11-25 00:18:31.968292
The Sony laptop's performance Poor customer service ğŸ˜‘,2024-11-26 00:18:31.968292
The Dell smartwatch's camera Works perfectly ğŸ˜Š,2024-11-26 00:18:31.968292
The Dell headphones's quality Okay for the price ğŸ˜,2024-11-27 00:18:31.968292
The Sony headphones's quality Would not recommend ğŸ˜‘,2024-11-27 00:18:31.968292
The Samsung headphones's software Okay for the price ğŸ’­,2024-11-27 00:18:31.968292
The Google headphones's software Average product ğŸ¤”,2024-11-27 00:18:31.968292
The Samsung phone's price Great value for money ğŸ‘,2024-11-28 00:18:31.968292
The Lenovo camera's software Very satisfied ğŸ™Œ,2024-11-28 00:18:31.968292
The Google console's screen Basic functionality ğŸ’­,2024-11-28 00:18:31.968292
The Apple speaker's quality Could be better ğŸ˜•,2024-11-28 00:18:31.968292
The Microsoft TV's quality Impressive performance ğŸ‰,2024-11-28 00:18:31.968292
The Samsung speaker's quality Love this product! ğŸ˜Š,2024-11-29 00:18:31.968292
The HP speaker's design Fantastic features ğŸ™Œ,2024-11-29 00:18:31.968292
The Sony phone's software Okay for the price â“,2024-11-30 00:18:31.968292
The HP smartwatch's price Okay for the price ğŸ˜,2024-11-30 00:18:31.968292
The Microsoft laptop's camera Average product ğŸ’«,2024-11-30 00:18:31.968292
The HP headphones's screen Doesn't work properly ğŸ˜¤,2024-11-30 00:18:31.968292
The Microsoft console's camera Basic functionality â“,2024-12-01 00:18:31.968292
The HP smartwatch's quality Expected more ğŸ’­,2024-12-02 00:18:31.968292
The HP laptop's design Okay for the price ğŸ˜•,2024-12-02 00:18:31.968292
The Dell console's screen Okay for the price ğŸ’«,2024-12-02 00:18:31.968292
The Samsung tablet's quality Very disappointed ğŸ˜‘,2024-12-02 00:18:31.968292
The LG speaker's screen Best purchase ever ğŸ¥°,2024-12-03 00:18:31.968292
The Dell TV's camera Amazing customer service ğŸ‰,2024-12-03 00:18:31.968292
The LG headphones's design Works perfectly ğŸ™Œ,2024-12-03 00:18:31.968292
The LG phone's price Okay for the price ğŸ˜,2024-12-04 00:18:31.968292
The Lenovo headphones's design Works perfectly ğŸ¥°,2024-12-05 00:18:31.968292
The Amazon TV's design Expected more ğŸ¤·,2024-12-05 00:18:31.968292
The Amazon headphones's software Amazing customer service ğŸ™Œ,2024-12-05 00:18:31.968292
The HP phone's design Very satisfied ğŸ¥°,2024-12-05 00:18:31.968292
The Dell smartwatch's battery life Decent quality ğŸ˜¶,2024-12-05 00:18:31.968292
The Dell camera's screen Fantastic features ğŸ‰,2024-12-06 00:18:31.968292
The Dell headphones's screen Standard features ğŸ’«,2024-12-07 00:18:31.968292
The Microsoft console's price Very satisfied ğŸ‘,2024-12-07 00:18:31.968292
The Samsung smartwatch's design Waste of money ğŸ˜‘,2024-12-07 00:18:31.968292
The Lenovo speaker's quality Works perfectly ğŸ˜,2024-12-08 00:18:31.968292
The Microsoft headphones's design Waste of money ğŸ˜«,2024-12-08 00:18:31.968292
The Dell smartwatch's design Excellent quality ğŸ™Œ,2024-12-08 00:18:31.968292
The Microsoft camera's performance Poor quality ğŸ˜¤,2024-12-09 00:18:31.968292
The Microsoft headphones's screen Love this product! ğŸ¥°,2024-12-10 00:18:31.968292
The Dell console's design Decent quality â“,2024-12-10 00:18:31.968292
The Sony tablet's software Mixed feelings ğŸ˜•,2024-12-11 00:18:31.968292
The Samsung camera's quality Highly recommend ğŸ™Œ,2024-12-11 00:18:31.968292
The Dell camera's quality Amazing customer service ğŸ‘,2024-12-11 00:18:31.968292
The Samsung phone's design Excellent quality ğŸ’¯,2024-12-12 00:18:31.968292
The Microsoft speaker's price Decent quality ğŸ˜¶,2024-12-12 00:18:31.968292
The Lenovo TV's screen Could be better ğŸ˜•,2024-12-13 00:18:31.968292
The Lenovo speaker's quality Okay for the price ğŸ˜¶,2024-12-13 00:18:31.968292
The Lenovo smartwatch's software Doesn't work properly ğŸ˜¡,2024-12-13 00:18:31.968292
The Google TV's screen Standard features ğŸ˜¶,2024-12-14 00:18:31.968292
The Lenovo laptop's screen Excellent quality ğŸ˜,2024-12-14 00:18:31.968292
The Lenovo laptop's camera Impressive performance ğŸ‰,2024-12-14 00:18:31.968292
The HP phone's design Very satisfied ğŸ‰,2024-12-14 00:18:31.968292
The HP camera's quality Fantastic features ğŸ˜Š,2024-12-14 00:18:31.968292
The Microsoft TV's performance Fantastic features ğŸ¥°,2024-12-15 00:18:31.968292
The Dell headphones's software Could be better ğŸ¤”,2024-12-15 00:18:31.968292
The Amazon smartwatch's performance Could be better ğŸ’­,2024-12-16 00:18:31.968292
The LG speaker's quality Mixed feelings ğŸ˜,2024-12-16 00:18:31.968292
The Sony laptop's camera Best purchase ever ğŸ™Œ,2024-12-17 00:18:31.968292
The Microsoft phone's battery life Highly recommend ğŸ’¯,2024-12-17 00:18:31.968292
The HP camera's camera Fantastic features â­,2024-12-17 00:18:31.968292
The Microsoft headphones's performance Love this product! ğŸ˜,2024-12-18 00:18:31.968292
The Microsoft TV's design Excellent quality ğŸ‘,2024-12-18 00:18:31.968292
The Sony console's software Very satisfied ğŸ™Œ,2024-12-19 00:18:31.968292
The HP TV's battery life Would not recommend ğŸ˜‘,2024-12-20 00:18:31.968292
The Amazon camera's software Many issues ğŸ˜’,2024-12-20 00:18:31.968292
The Google tablet's performance Decent quality ğŸ˜,2024-12-21 00:18:31.968292
The Amazon smartwatch's price Excellent quality ğŸ˜,2024-12-22 00:18:31.968292
The LG laptop's performance Works perfectly ğŸ˜Š,2024-12-22 00:18:31.968292
The Google headphones's quality Best purchase ever ğŸ˜Š,2024-12-22 00:18:31.968292
The Lenovo headphones's quality Poor quality ğŸ˜‘,2024-12-22 00:18:31.968292
The HP tablet's performance Doesn't work properly ğŸ˜¤,2024-12-24 00:18:31.968292
The Lenovo phone's performance Mixed feelings ğŸ˜•,2024-12-25 00:18:31.968292
The Google laptop's quality Love this product! ğŸ™Œ,2024-12-25 00:18:31.968292
The Microsoft camera's battery life Very satisfied ğŸ‰,2024-12-25 00:18:31.968292
The Sony tablet's battery life Standard features ğŸ˜,2024-12-25 00:18:31.968292
The Lenovo tablet's battery life Fantastic features ğŸ‘,2024-12-25 00:18:31.968292
The Apple camera's quality Decent quality ğŸ˜,2024-12-25 00:18:31.968292
The Google smartwatch's performance Love this product! ğŸ’¯,2024-12-25 00:18:31.968292
The Sony tablet's performance Terrible product ğŸ˜«,2024-12-25 00:18:31.968292
The Sony tablet's battery life Would not recommend ğŸ˜ ,2024-12-25 00:18:31.968292
"The HP smartwatch's price Not bad, not great ğŸ˜¶",2024-12-26 00:18:31.968292
The Apple TV's performance Highly recommend ğŸ˜Š,2024-12-26 00:18:31.968292
The Sony console's quality Doesn't work properly ğŸ˜¤,2024-12-26 00:18:31.968292
The Dell console's design Decent quality â“,2024-12-27 00:18:31.968292
The Amazon phone's camera Decent quality ğŸ’«,2024-12-27 00:18:31.968292
The Sony console's screen Love this product! ğŸ˜Š,2024-12-27 00:18:31.968292
The Amazon tablet's software Best purchase ever ğŸ’¯,2024-12-27 00:18:31.968292
The Microsoft headphones's quality Regular performance ğŸ’­,2024-12-27 00:18:31.968292
The Apple TV's price Regular performance ğŸ¤·,2024-12-28 00:18:31.968292
The LG laptop's quality Excellent quality ğŸ‰,2024-12-28 00:18:31.968292
The Microsoft phone's camera Highly recommend ğŸ™Œ,2024-12-28 00:18:31.968292
The Apple laptop's screen Mixed feelings ğŸ˜•,2024-12-29 00:18:31.968292
The LG TV's battery life Waste of money ğŸ‘,2024-12-29 00:18:31.968292
The Samsung phone's software Highly recommend ğŸ’¯,2024-12-29 00:18:31.968292
The Apple laptop's price Not worth the price ğŸ’”,2024-12-30 00:18:31.968292
The LG smartwatch's screen Regular performance ğŸ˜¶,2024-12-30 00:18:31.968292
The Microsoft speaker's performance Very satisfied ğŸ˜Š,2024-12-30 00:18:31.968292
The Dell smartwatch's price Highly recommend ğŸ‰,2024-12-31 00:18:31.968292
The Apple tablet's software Very disappointed ğŸ˜¤,2024-12-31 00:18:31.968292
The Dell laptop's camera Very satisfied ğŸ‰,2024-12-31 00:18:31.968292
The Microsoft phone's battery life Fantastic features ğŸ‘,2025-01-01 00:18:31.968292
The Microsoft TV's price Frustrating experience ğŸ˜¤,2025-01-01 00:18:31.968292
The Dell speaker's performance Expected more ğŸ˜¶,2025-01-02 00:18:31.968292
The Dell speaker's screen Amazing customer service ğŸ˜,2025-01-02 00:18:31.968292
The Google headphones's price Standard features â“,2025-01-02 00:18:31.968292
The LG console's quality Very disappointed ğŸ‘,2025-01-03 00:18:31.968292
The Dell laptop's software Love this product! â­,2025-01-03 00:18:31.968292
The Lenovo smartwatch's design Impressive performance ğŸ¥°,2025-01-04 00:18:31.968292
The Google camera's quality Standard features â“,2025-01-04 00:18:31.968292
The Samsung laptop's battery life Okay for the price ğŸ˜¶,2025-01-04 00:18:31.968292
The Lenovo TV's quality Average product ğŸ˜,2025-01-04 00:18:31.968292
The Lenovo console's software Best purchase ever ğŸ¥°,2025-01-05 00:18:31.968292
The Apple TV's software Great value for money ğŸ‰,2025-01-05 00:18:31.968292
The Amazon console's screen Standard features â“,2025-01-06 00:18:31.968292
The Microsoft tablet's quality Impressive performance ğŸ˜,2025-01-06 00:18:31.968292
The Dell TV's camera Poor quality ğŸ˜«,2025-01-06 00:18:31.968292
The Sony tablet's software Very satisfied ğŸ˜Š,2025-01-07 00:18:31.968292
The Amazon console's price Poor customer service ğŸ˜‘,2025-01-07 00:18:31.968292
The LG TV's design Poor customer service ğŸ˜ ,2025-01-07 00:18:31.968292
The Apple tablet's battery life Doesn't work properly ğŸ˜«,2025-01-07 00:18:31.968292
The HP laptop's software Impressive performance ğŸ˜Š,2025-01-07 00:18:31.968292
The Sony speaker's quality Standard features ğŸ’«,2025-01-08 00:18:31.968292
The Lenovo headphones's software Expected more â“,2025-01-10 00:18:31.968292
The Amazon speaker's quality Impressive performance ğŸ‘,2025-01-10 00:18:31.968292
The Google phone's performance Great value for money ğŸ‰,2025-01-11 00:18:31.968292
The Sony speaker's battery life Not worth the price ğŸ˜’,2025-01-12 00:18:31.968292
The Samsung camera's screen Standard features â“,2025-01-12 00:18:31.968292
The HP camera's software Excellent quality ğŸ‘,2025-01-13 00:18:31.968292
The Dell phone's battery life Frustrating experience ğŸ˜‘,2025-01-13 00:18:31.968292
The Amazon headphones's design Great value for money ğŸ¥°,2025-01-13 00:18:31.968292
The Microsoft smartwatch's camera Great value for money ğŸ™Œ,2025-01-13 00:18:31.968292
The HP speaker's design Mixed feelings ğŸ˜,2025-01-13 00:18:31.968292
The HP console's screen Waste of money ğŸ˜’,2025-01-14 00:18:31.968292
The Sony phone's price Regular performance ğŸ’­,2025-01-16 00:18:31.968292
The HP phone's price Could be better ğŸ’­,2025-01-16 00:18:31.968292
The Sony laptop's quality Highly recommend ğŸ‰,2025-01-16 00:18:31.968292
The Microsoft phone's camera Works perfectly ğŸ˜,2025-01-16 00:18:31.968292
The Sony phone's screen Love this product! ğŸ‰,2025-01-17 00:18:31.968292
The Sony camera's camera Standard features ğŸ˜¶,2025-01-17 00:18:31.968292
The Lenovo headphones's screen Poor customer service ğŸ’”,2025-01-17 00:18:31.968292
The Samsung headphones's performance Could be better ğŸ¤”,2025-01-17 00:18:31.968292
The HP speaker's price Frustrating experience ğŸ‘,2025-01-18 00:18:31.968292
The Amazon phone's performance Terrible product ğŸ˜«,2025-01-18 00:18:31.968292
The Dell headphones's performance Love this product! ğŸ˜Š,2025-01-18 00:18:31.968292
The Sony headphones's price Best purchase ever ğŸ˜,2025-01-19 00:18:31.968292
The Dell headphones's software Not worth the price ğŸ˜ ,2025-01-19 00:18:31.968292
The Dell laptop's camera Many issues ğŸ˜«,2025-01-21 00:18:31.968292
The Dell phone's camera Could be better ğŸ’­,2025-01-21 00:18:31.968292
The Sony headphones's screen Best purchase ever ğŸ™Œ,2025-01-21 00:18:31.968292
The Microsoft speaker's camera Terrible product ğŸ‘,2025-01-22 00:18:31.968292
The Sony phone's battery life Expected more ğŸ¤”,2025-01-23 00:18:31.968292
The LG camera's camera Very satisfied ğŸ‘,2025-01-23 00:18:31.968292
The Dell headphones's screen Very disappointed ğŸ’”,2025-01-23 00:18:31.968292
The HP smartwatch's quality Would not recommend ğŸ‘,2025-01-23 00:18:31.968292
The Sony camera's price Mixed feelings ğŸ’­,2025-01-24 00:18:31.968292
The Lenovo tablet's design Great value for money ğŸ™Œ,2025-01-25 00:18:31.968292
The Sony TV's design Okay for the price â“,2025-01-26 00:18:31.968292
The HP speaker's quality Poor customer service ğŸ’”,2025-01-26 00:18:31.968292
The Sony headphones's price Very satisfied â­,2025-01-27 00:18:31.968292
The Sony console's performance Highly recommend ğŸ‘,2025-01-27 00:18:31.968292
The Lenovo tablet's software Works perfectly ğŸ¥°,2025-01-27 00:18:31.968292
The LG camera's performance Very disappointed ğŸ˜¡,2025-01-28 00:18:31.968292
The LG speaker's screen Amazing customer service â­,2025-01-28 00:18:31.968292
The HP laptop's price Great value for money ğŸ‰,2025-01-28 00:18:31.968292
The Sony camera's performance Would not recommend ğŸ’”,2025-01-28 00:18:31.968292
The Amazon phone's price Not worth the price ğŸ˜‘,2025-01-29 00:18:31.968292
The Lenovo headphones's battery life Best purchase ever ğŸ˜,2025-01-29 00:18:31.968292
The Lenovo tablet's design Frustrating experience ğŸ˜ ,2025-01-29 00:18:31.968292
The Amazon smartwatch's design Very satisfied ğŸ¥°,2025-01-29 00:18:31.968292
The LG headphones's camera Basic functionality â“,2025-01-29 00:18:31.968292
The Lenovo tablet's design Excellent quality ğŸ‰,2025-01-29 00:18:31.968292
The Google tablet's software Many issues ğŸ˜’,2025-01-30 00:18:31.968292
The Samsung laptop's price Decent quality ğŸ˜¶,2025-01-31 00:18:31.968292
The Amazon camera's performance Impressive performance ğŸ’¯,2025-01-31 00:18:31.968292
The Apple tablet's performance Decent quality ğŸ˜,2025-01-31 00:18:31.968292
The Google speaker's camera Would not recommend ğŸ˜¤,2025-01-31 00:18:31.968292
The Amazon tablet's performance Would not recommend ğŸ˜’,2025-01-31 00:18:31.968292
The Microsoft laptop's performance Love this product! ğŸ‰,2025-02-01 00:18:31.968292
The Dell speaker's software Fantastic features ğŸ‘,2025-02-01 00:18:31.968292
The LG smartwatch's camera Frustrating experience ğŸ˜’,2025-02-01 00:18:31.968292
The LG console's performance Best purchase ever ğŸ˜Š,2025-02-02 00:18:31.968292
The LG TV's screen Standard features â“,2025-02-02 00:18:31.968292
The Amazon TV's battery life Impressive performance ğŸ™Œ,2025-02-02 00:18:31.968292
The LG tablet's design Waste of money ğŸ˜‘,2025-02-02 00:18:31.968292
The HP TV's screen Would not recommend ğŸ˜ ,2025-02-02 00:18:31.968292
The Samsung TV's quality Okay for the price â“,2025-02-03 00:18:31.968292
The Sony camera's camera Okay for the price ğŸ’«,2025-02-03 00:18:31.968292
The Sony headphones's screen Okay for the price ğŸ˜,2025-02-03 00:18:31.968292
The Dell console's price Mixed feelings ğŸ’­,2025-02-03 00:18:31.968292
The LG laptop's camera Great value for money ğŸ¥°,2025-02-03 00:18:31.968292
The Amazon headphones's design Average product ğŸ˜•,2025-02-04 00:18:31.968292
The LG smartwatch's screen Very satisfied â­,2025-02-04 00:18:31.968292
The Amazon laptop's design Very satisfied ğŸ’¯,2025-02-04 00:18:31.968292
The LG camera's price Would not recommend ğŸ˜‘,2025-02-04 00:18:31.968292
The Google smartwatch's software Love this product! ğŸ™Œ,2025-02-05 00:18:31.968292
The Lenovo speaker's design Poor customer service ğŸ˜«,2025-02-05 00:18:31.968292
The Microsoft laptop's software Basic functionality ğŸ˜¶,2025-02-05 00:18:31.968292
The HP console's quality Works perfectly ğŸ˜,2025-02-06 00:18:31.968292
The LG phone's screen Impressive performance ğŸ˜,2025-02-07 00:18:31.968292
The Dell laptop's price Love this product! ğŸ˜Š,2025-02-07 00:18:31.968292
The Sony laptop's screen Okay for the price ğŸ˜,2025-02-07 00:18:31.968292
The Microsoft TV's battery life Love this product! ğŸ’¯,2025-02-07 00:18:31.968292
The LG phone's camera Highly recommend ğŸ¥°,2025-02-08 00:18:31.968292
The Lenovo headphones's design Frustrating experience ğŸ˜¡,2025-02-08 00:18:31.968292
The Microsoft phone's quality Poor quality ğŸ˜¡,2025-02-08 00:18:31.968292
The Microsoft TV's screen Standard features ğŸ’­,2025-02-08 00:18:31.968292
The Amazon TV's design Fantastic features ğŸ’¯,2025-02-09 00:18:31.968292
The Sony TV's software Love this product! ğŸ¥°,2025-02-09 00:18:31.968292
The Lenovo console's price Okay for the price ğŸ¤·,2025-02-09 00:18:31.968292
The Dell tablet's camera Not worth the price ğŸ˜’,2025-02-11 00:18:31.968292
The Lenovo phone's software Regular performance ğŸ’«,2025-02-11 00:18:31.968292
The Google console's screen Doesn't work properly ğŸ‘,2025-02-11 00:18:31.968292
The Microsoft laptop's battery life Regular performance ğŸ’­,2025-02-11 00:18:31.968292
The Dell camera's screen Very satisfied ğŸ‘,2025-02-11 00:18:31.968292
The Samsung tablet's camera Highly recommend ğŸ™Œ,2025-02-11 00:18:31.968292
The Apple smartwatch's screen Great value for money ğŸ‰,2025-02-12 00:18:31.968292
The Microsoft smartwatch's performance Great value for money ğŸ‘,2025-02-12 00:18:31.968292
The Sony camera's performance Fantastic features ğŸ˜Š,2025-02-12 00:18:31.968292
The Amazon phone's quality Poor quality ğŸ˜«,2025-02-13 00:18:31.968292
The Lenovo TV's quality Waste of money ğŸ˜ ,2025-02-14 00:18:31.968292
The Google console's camera Doesn't work properly ğŸ˜¡,2025-02-14 00:18:31.968292
The Amazon smartwatch's quality Terrible product ğŸ’”,2025-02-14 00:18:31.968292
The LG console's camera Very satisfied ğŸ’¯,2025-02-14 00:18:31.968292
The LG headphones's design Love this product! ğŸ‘,2025-02-14 00:18:31.968292
The LG camera's performance Decent quality ğŸ’­,2025-02-16 00:18:31.968292
The Google speaker's software Best purchase ever ğŸ˜,2025-02-16 00:18:31.968292
The Samsung camera's design Waste of money ğŸ˜«,2025-02-16 00:18:31.968292
The Amazon TV's design Would not recommend ğŸ˜«,2025-02-16 00:18:31.968292
The Apple phone's software Highly recommend ğŸ˜Š,2025-02-17 00:18:31.968292
The LG console's price Best purchase ever ğŸ˜Š,2025-02-17 00:18:31.968292
The Samsung console's performance Decent quality ğŸ¤·,2025-02-17 00:18:31.968292
The Samsung smartwatch's camera Works perfectly ğŸ’¯,2025-02-18 00:18:31.968292
The Dell headphones's camera Best purchase ever ğŸ¥°,2025-02-18 00:18:31.968292
The Dell tablet's screen Very satisfied ğŸ˜Š,2025-02-18 00:18:31.968292
The Sony laptop's quality Poor customer service ğŸ˜¡,2025-02-19 00:18:31.968292
The HP laptop's camera Basic functionality ğŸ’«,2025-02-20 00:18:31.968292
The Apple laptop's software Poor customer service ğŸ˜¤,2025-02-21 00:18:31.968292
The Google smartwatch's quality Doesn't work properly ğŸ˜ ,2025-02-22 00:18:31.968292
The Lenovo speaker's battery life Okay for the price ğŸ˜¶,2025-02-23 00:18:31.968292
The Amazon TV's price Very disappointed ğŸ˜‘,2025-02-23 00:18:31.968292
The Google laptop's quality Highly recommend ğŸ˜,2025-02-23 00:18:31.968292
The Samsung headphones's price Love this product! ğŸ‘,2025-02-24 00:18:31.968292
The Amazon speaker's screen Impressive performance â­,2025-02-24 00:18:31.968292
The Apple camera's design Great value for money ğŸ¥°,2025-02-24 00:18:31.968292
The Apple headphones's performance Could be better ğŸ˜•,2025-02-25 00:18:31.968292
The LG tablet's price Great value for money ğŸ¥°,2025-02-25 00:18:31.968292
The LG headphones's battery life Many issues ğŸ˜ ,2025-02-25 00:18:31.968292
The Microsoft TV's design Fantastic features ğŸ˜Š,2025-02-25 00:18:31.968292
The Sony tablet's battery life Excellent quality ğŸ’¯,2025-02-26 00:18:31.968292
The Dell smartwatch's camera Great value for money ğŸ˜Š,2025-02-26 00:18:31.968292
The Google console's screen Terrible product ğŸ‘,2025-02-26 00:18:31.968292
The Microsoft TV's design Could be better ğŸ¤”,2025-02-26 00:18:31.968292
The Apple headphones's screen Impressive performance ğŸ˜,2025-02-27 00:18:31.968292
The Lenovo laptop's battery life Okay for the price ğŸ’­,2025-02-27 00:18:31.968292
The Lenovo smartwatch's software Best purchase ever ğŸ˜Š,2025-02-27 00:18:31.968292
The Microsoft phone's battery life Fantastic features ğŸ™Œ,2025-02-27 00:18:31.968292
The Google camera's price Great value for money ğŸ¥°,2025-02-28 00:18:31.968292
The Apple smartwatch's camera Expected more ğŸ¤·,2025-03-01 00:18:31.968292
The Samsung camera's quality Fantastic features ğŸ‘,2025-03-01 00:18:31.968292
The Sony camera's design Terrible product ğŸ˜’,2025-03-02 00:18:31.968292
The LG TV's screen Amazing customer service ğŸ˜Š,2025-03-02 00:18:31.968292
The Amazon speaker's camera Mixed feelings ğŸ˜•,2025-03-03 00:18:31.968292
The Apple tablet's price Impressive performance â­,2025-03-03 00:18:31.968292
The Lenovo camera's price Would not recommend ğŸ’”,2025-03-04 00:18:31.968292
The Lenovo tablet's screen Terrible product ğŸ’”,2025-03-04 00:18:31.968292
The Sony speaker's price Highly recommend ğŸ˜,2025-03-04 00:18:31.968292
The Apple phone's performance Excellent quality ğŸ˜Š,2025-03-04 00:18:31.968292
The Dell speaker's camera Waste of money ğŸ˜‘,2025-03-05 00:18:31.968292
The Samsung smartwatch's quality Basic functionality ğŸ˜,2025-03-05 00:18:31.968292
The Samsung smartwatch's camera Impressive performance ğŸ‰,2025-03-05 00:18:31.968292
The Dell phone's performance Love this product! ğŸ˜,2025-03-05 00:18:31.968292
The Apple tablet's design Poor customer service ğŸ˜¤,2025-03-06 00:18:31.968292
The Amazon TV's camera Not worth the price ğŸ˜ ,2025-03-06 00:18:31.968292
The Lenovo tablet's battery life Very satisfied â­,2025-03-06 00:18:31.968292
The Apple console's performance Works perfectly ğŸ˜Š,2025-03-06 00:18:31.968292
The Google tablet's camera Doesn't work properly ğŸ˜¤,2025-03-07 00:18:31.968292
The Samsung phone's software Could be better ğŸ’­,2025-03-07 00:18:31.968292
The Dell headphones's quality Average product ğŸ˜,2025-03-07 00:18:31.968292
The Apple smartwatch's design Frustrating experience ğŸ˜ ,2025-03-07 00:18:31.968292
The Sony speaker's battery life Great value for money ğŸ™Œ,2025-03-08 00:18:31.968292
The Dell speaker's price Excellent quality ğŸ˜,2025-03-09 00:18:31.968292
The HP laptop's camera Okay for the price ğŸ¤·,2025-03-09 00:18:31.968292
The Sony laptop's performance Very satisfied ğŸ¥°,2025-03-09 00:18:31.968292
The Amazon smartwatch's performance Decent quality â“,2025-03-09 00:18:31.968292
The Sony camera's design Mixed feelings ğŸ˜,2025-03-09 00:18:31.968292
The LG phone's price Okay for the price â“,2025-03-10 00:18:31.968292
The LG tablet's screen Standard features ğŸ˜,2025-03-10 00:18:31.968292
The Apple smartwatch's software Decent quality ğŸ’­,2025-03-10 00:18:31.968292
The Google camera's software Mixed feelings ğŸ˜¶,2025-03-10 00:18:31.968292
The LG speaker's quality Impressive performance ğŸ’¯,2025-03-10 00:18:31.968292
The Amazon phone's design Terrible product ğŸ˜¤,2025-03-11 00:18:31.968292
The Amazon smartwatch's quality Average product ğŸ˜¶,2025-03-11 00:18:31.968292
The Samsung console's design Doesn't work properly ğŸ˜’,2025-03-11 00:18:31.968292
The Google camera's quality Frustrating experience ğŸ˜’,2025-03-12 00:18:31.968292
"The Lenovo laptop's performance Not bad, not great ğŸ’«",2025-03-13 00:18:31.968292
The Amazon console's quality Very satisfied ğŸ™Œ,2025-03-14 00:18:31.968292
"The Google speaker's software Not bad, not great ğŸ¤·",2025-03-14 00:18:31.968292
The Samsung TV's price Works perfectly ğŸ˜Š,2025-03-14 00:18:31.968292
The Apple TV's camera Waste of money ğŸ‘,2025-03-14 00:18:31.968292
The LG phone's battery life Frustrating experience ğŸ˜ ,2025-03-16 00:18:31.968292
The Sony phone's software Basic functionality ğŸ¤”,2025-03-17 00:18:31.968292
The Sony phone's battery life Great value for money ğŸ™Œ,2025-03-17 00:18:31.968292
The Amazon TV's price Love this product! ğŸ˜Š,2025-03-18 00:18:31.968292
The Google laptop's price Poor quality ğŸ˜«,2025-03-20 00:18:31.968292
The Dell smartwatch's price Very disappointed ğŸ˜¡,2025-03-20 00:18:31.968292
The HP phone's camera Poor quality ğŸ‘,2025-03-20 00:18:31.968292
The Samsung TV's price Poor quality ğŸ˜«,2025-03-20 00:18:31.968292
The Lenovo TV's performance Would not recommend ğŸ‘,2025-03-21 00:18:31.968292
The Apple camera's camera Highly recommend ğŸ˜,2025-03-21 00:18:31.968292
The LG phone's software Love this product! ğŸ‘,2025-03-21 00:18:31.968292
The Samsung speaker's design Waste of money ğŸ˜’,2025-03-22 00:18:31.968292
The Lenovo laptop's quality Poor customer service ğŸ˜‘,2025-03-22 00:18:31.968292
The Microsoft tablet's camera Love this product! ğŸ¥°,2025-03-22 00:18:31.968292
The LG smartwatch's software Works perfectly â­,2025-03-23 00:18:31.968292
The HP headphones's screen Fantastic features ğŸ‘,2025-03-23 00:18:31.968292
The Lenovo TV's design Very disappointed ğŸ’”,2025-03-23 00:18:31.968292
The LG headphones's screen Would not recommend ğŸ˜«,2025-03-24 00:18:31.968292
"The Amazon smartwatch's quality Not bad, not great ğŸ’­",2025-03-24 00:18:31.968292
The Sony tablet's design Not worth the price ğŸ˜«,2025-03-24 00:18:31.968292
The Dell camera's battery life Best purchase ever ğŸ’¯,2025-03-24 00:18:31.968292
The Apple camera's design Mixed feelings ğŸ¤”,2025-03-24 00:18:31.968292
"The Apple tablet's design Not bad, not great ğŸ¤·",2025-03-25 00:18:31.968292
The Apple phone's screen Best purchase ever ğŸ‰,2025-03-25 00:18:31.968292
The Samsung TV's camera Mixed feelings ğŸ˜•,2025-03-25 00:18:31.968292
The LG phone's design Okay for the price ğŸ˜¶,2025-03-27 00:18:31.968292
The Lenovo speaker's camera Very satisfied ğŸ‰,2025-03-27 00:18:31.968292
The Dell camera's battery life Would not recommend ğŸ’”,2025-03-27 00:18:31.968292
The LG camera's camera Best purchase ever ğŸ’¯,2025-03-28 00:18:31.968292
The Dell phone's quality Highly recommend ğŸ™Œ,2025-03-28 00:18:31.968292
The HP smartwatch's design Decent quality ğŸ’­,2025-03-28 00:18:31.968292
The HP phone's camera Great value for money ğŸ‘,2025-03-28 00:18:31.968292
The LG smartwatch's screen Very satisfied ğŸ™Œ,2025-03-29 00:18:31.968292
The Lenovo camera's software Mixed feelings ğŸ’­,2025-03-29 00:18:31.968292
The Apple tablet's battery life Very satisfied ğŸ˜,2025-03-29 00:18:31.968292
The Samsung console's price Best purchase ever ğŸ¥°,2025-03-29 00:18:31.968292
The Apple smartwatch's price Average product ğŸ¤”,2025-03-30 00:18:31.968292
The Amazon smartwatch's camera Excellent quality ğŸ‘,2025-03-30 00:18:31.968292
The Samsung console's battery life Not worth the price ğŸ˜‘,2025-03-31 00:18:31.968292
The Dell headphones's screen Love this product! ğŸ‰,2025-03-31 00:18:31.968292
The Dell smartwatch's performance Mixed feelings ğŸ˜•,2025-04-01 00:18:31.968292
The Samsung camera's quality Doesn't work properly ğŸ‘,2025-04-01 00:18:31.968292
The Google smartwatch's screen Many issues ğŸ˜ ,2025-04-02 00:18:31.968292
The HP console's screen Love this product! ğŸ‘,2025-04-02 00:18:31.968292
The Google smartwatch's software Standard features ğŸ˜,2025-04-02 00:18:31.968292
The Sony speaker's design Fantastic features ğŸ˜,2025-04-03 00:18:31.968292
The Lenovo headphones's performance Decent quality ğŸ’«,2025-04-03 00:18:31.968292
The Microsoft speaker's screen Very satisfied ğŸ‘,2025-04-03 00:18:31.968292
The Microsoft phone's screen Many issues ğŸ˜‘,2025-04-04 00:18:31.968292
The Samsung phone's design Basic functionality ğŸ¤·,2025-04-04 00:18:31.968292
The HP headphones's battery life Poor quality ğŸ˜’,2025-04-05 00:18:31.968292
The Google laptop's camera Best purchase ever ğŸ¥°,2025-04-05 00:18:31.968292
The Dell laptop's price Average product ğŸ¤·,2025-04-05 00:18:31.968292
The Lenovo speaker's screen Terrible product ğŸ˜‘,2025-04-05 00:18:31.968292
The Apple tablet's software Expected more ğŸ’«,2025-04-06 00:18:31.968292
The Apple phone's camera Doesn't work properly ğŸ‘,2025-04-06 00:18:31.968292
The HP speaker's camera Frustrating experience ğŸ‘,2025-04-06 00:18:31.968292
The Amazon smartwatch's camera Poor quality ğŸ˜‘,2025-04-08 00:18:31.968292
The Microsoft speaker's battery life Love this product! ğŸ˜,2025-04-09 00:18:31.968292
The Microsoft headphones's price Standard features ğŸ¤”,2025-04-10 00:18:31.968292
The Sony laptop's design Could be better ğŸ˜¶,2025-04-10 00:18:31.968292
The Lenovo speaker's design Regular performance ğŸ˜•,2025-04-10 00:18:31.968292
The Apple laptop's screen Expected more ğŸ˜¶,2025-04-10 00:18:31.968292
The Samsung headphones's performance Very disappointed ğŸ˜ ,2025-04-10 00:18:31.968292
The Apple headphones's battery life Fantastic features ğŸ‰,2025-04-11 00:18:31.968292
The Apple headphones's software Poor customer service ğŸ˜¤,2025-04-11 00:18:31.968292
The Dell console's software Impressive performance â­,2025-04-12 00:18:31.968292
The Samsung laptop's camera Expected more ğŸ˜,2025-04-13 00:18:31.968292
The Dell headphones's screen Impressive performance ğŸ¥°,2025-04-13 00:18:31.968292
The Samsung phone's quality Best purchase ever ğŸ’¯,2025-04-14 00:18:31.968292
The HP phone's battery life Works perfectly ğŸ‘,2025-04-15 00:18:31.968292
The Lenovo speaker's quality Would not recommend ğŸ’”,2025-04-16 00:18:31.968292
The Samsung laptop's battery life Poor quality ğŸ˜’,2025-04-16 00:18:31.968292
The LG speaker's performance Highly recommend ğŸ‰,2025-04-16 00:18:31.968292
The Sony smartwatch's camera Fantastic features ğŸ‰,2025-04-16 00:18:31.968292
The Sony tablet's camera Poor customer service ğŸ˜‘,2025-04-17 00:18:31.968292
The LG speaker's battery life Fantastic features ğŸ™Œ,2025-04-18 00:18:31.968292
The Amazon smartwatch's battery life Very disappointed ğŸ˜¤,2025-04-18 00:18:31.968292
The Samsung speaker's battery life Amazing customer service ğŸ‘,2025-04-18 00:18:31.968292
The Google laptop's price Basic functionality ğŸ¤·,2025-04-19 00:18:31.968292
The Microsoft console's design Fantastic features ğŸ¥°,2025-04-22 00:18:31.968292
The Apple smartwatch's software Great value for money ğŸ˜,2025-04-22 00:18:31.968292
The Dell laptop's screen Poor quality ğŸ˜’,2025-04-22 00:18:31.968292
The Apple TV's performance Works perfectly ğŸ’¯,2025-04-22 00:18:31.968292
The LG TV's quality Highly recommend ğŸ¥°,2025-04-22 00:18:31.968292
The Amazon headphones's software Poor quality ğŸ’”,2025-04-22 00:18:31.968292
The Google headphones's price Would not recommend ğŸ˜’,2025-04-22 00:18:31.968292
The Apple phone's quality Very satisfied â­,2025-04-23 00:18:31.968292
The HP tablet's software Terrible product ğŸ’”,2025-04-23 00:18:31.968292
The Lenovo camera's software Expected more ğŸ˜,2025-04-23 00:18:31.968292
The Google laptop's battery life Works perfectly ğŸ˜,2025-04-24 00:18:31.968292
The Lenovo phone's software Highly recommend ğŸ˜Š,2025-04-24 00:18:31.968292
The Sony TV's screen Expected more ğŸ’­,2025-04-25 00:18:31.968292
The Dell headphones's battery life Decent quality ğŸ˜•,2025-04-25 00:18:31.968292
"The Dell speaker's software Not bad, not great ğŸ˜•",2025-04-25 00:18:31.968292
The Google laptop's screen Great value for money ğŸ˜,2025-04-25 00:18:31.968292
The Lenovo laptop's screen Very satisfied ğŸ˜Š,2025-04-26 00:18:31.968292
The Dell headphones's camera Regular performance ğŸ˜,2025-04-26 00:18:31.968292
The Microsoft TV's quality Poor customer service ğŸ˜¡,2025-04-26 00:18:31.968292
The Apple tablet's design Regular performance ğŸ˜,2025-04-26 00:18:31.968292
The Lenovo console's quality Love this product! ğŸ˜,2025-04-27 00:18:31.968292
The Samsung camera's price Would not recommend ğŸ‘,2025-04-27 00:18:31.968292
The Google tablet's camera Not worth the price ğŸ‘,2025-04-27 00:18:31.968292
The Amazon console's quality Basic functionality â“,2025-04-27 00:18:31.968292
The Sony camera's battery life Okay for the price ğŸ˜•,2025-04-28 00:18:31.968292
The Microsoft laptop's battery life Would not recommend ğŸ˜¡,2025-04-28 00:18:31.968292
The Dell smartwatch's price Decent quality ğŸ˜•,2025-04-28 00:18:31.968292
The Amazon TV's quality Impressive performance ğŸ‘,2025-04-29 00:18:31.968292
The LG console's performance Highly recommend â­,2025-04-29 00:18:31.968292
The Samsung phone's price Standard features ğŸ˜¶,2025-04-29 00:18:31.968292
The Amazon camera's software Okay for the price ğŸ¤·,2025-04-30 00:18:31.968292
The Lenovo speaker's battery life Excellent quality ğŸ‰,2025-04-30 00:18:31.968292
The Sony TV's price Works perfectly ğŸ™Œ,2025-04-30 00:18:31.968292
"The Lenovo speaker's camera Not bad, not great ğŸ’«",2025-05-01 00:18:31.968292
The Google speaker's quality Works perfectly ğŸ‘,2025-05-01 00:18:31.968292
The Amazon phone's camera Frustrating experience ğŸ˜‘,2025-05-01 00:18:31.968292
The Dell smartwatch's quality Terrible product ğŸ˜¤,2025-05-01 00:18:31.968292
The Dell speaker's performance Very disappointed ğŸ’”,2025-05-01 00:18:31.968292
The Amazon headphones's price Very satisfied ğŸ‘,2025-05-01 00:18:31.968292
The Google phone's software Decent quality â“,2025-05-01 00:18:31.968292
The Lenovo speaker's design Terrible product ğŸ˜’,2025-05-03 00:18:31.968292
The Amazon headphones's performance Basic functionality ğŸ’«,2025-05-03 00:18:31.968292
The Apple headphones's software Not worth the price ğŸ˜‘,2025-05-04 00:18:31.968292
The Dell smartwatch's camera Terrible product ğŸ‘,2025-05-04 00:18:31.968292
The Lenovo laptop's design Okay for the price ğŸ¤”,2025-05-05 00:18:31.968292
The Apple tablet's price Great value for money ğŸ˜,2025-05-07 00:18:31.968292
The Dell smartwatch's design Not worth the price ğŸ’”,2025-05-07 00:18:31.968292
The Dell console's performance Fantastic features ğŸ‰,2025-05-07 00:18:31.968292
The Dell console's battery life Love this product! ğŸ˜Š,2025-05-07 00:18:31.968292
The HP headphones's design Amazing customer service â­,2025-05-07 00:18:31.968292
The Apple laptop's price Impressive performance â­,2025-05-08 00:18:31.968292
The Sony speaker's camera Very disappointed ğŸ˜’,2025-05-08 00:18:31.968292
The Microsoft headphones's camera Amazing customer service â­,2025-05-09 00:18:31.968292
The Samsung laptop's price Not worth the price ğŸ˜¡,2025-05-09 00:18:31.968292
The Sony tablet's performance Regular performance ğŸ’«,2025-05-09 00:18:31.968292
The Sony phone's screen Impressive performance ğŸ˜,2025-05-10 00:18:31.968292
The Google speaker's camera Fantastic features â­,2025-05-10 00:18:31.968292
The Sony console's software Very satisfied ğŸ˜Š,2025-05-10 00:18:31.968292
The Google TV's quality Poor customer service ğŸ˜ ,2025-05-11 00:18:31.968292
The Google console's camera Waste of money ğŸ˜¡,2025-05-11 00:18:31.968292
The Sony camera's software Not worth the price ğŸ‘,2025-05-11 00:18:31.968292
The Samsung speaker's performance Okay for the price ğŸ¤”,2025-05-11 00:18:31.968292
The Amazon console's battery life Many issues ğŸ˜‘,2025-05-11 00:18:31.968292
The Amazon headphones's price Regular performance ğŸ¤”,2025-05-12 00:18:31.968292
"The Google console's design Not bad, not great ğŸ’­",2025-05-12 00:18:31.968292
The Microsoft smartwatch's software Expected more ğŸ’­,2025-05-12 00:18:31.968292
